<?xml version="1.0" encoding="UTF-8"?>
<project-private xmlns="http://www.netbeans.org/ns/project-private/1">
    <editor-bookmarks xmlns="http://www.netbeans.org/ns/editor-bookmarks/2" lastBookmarkId="0"/>
    <open-files xmlns="http://www.netbeans.org/ns/projectui-open-files/2">
        <group>
            <file>file:/D:/Java/Session%2005/Ex3/src/com/xeronith/Ex3.java</file>
            <file>file:/D:/Java/Session%2005/Ex3/src/com/xeronith/Shape.java</file>
            <file>file:/D:/Java/Session%2005/Ex3/src/com/xeronith/Ball.java</file>
            <file>file:/D:/Java/Session%2005/Ex3/src/com/xeronith/Box.java</file>
        </group>
    </open-files>
</project-private>
